{"_step":4,"len_p_true":2,"train_accuracy":0.6725,"_runtime":8393.936440511,"auroc_p_ik_eval":0.7097562329946139,"uncertainty":{"semantic_entropy":{"accuracy_at_0.9_answer_fraction":{"bootstrap":{"high":0.6991643454038997,"std_err":0.024749988751533027,"low":0.6183844011142061},"mean":0.6601671309192201},"accuracy_at_0.95_answer_fraction":{"bootstrap":{"high":0.6947368421052632,"std_err":0.024681863441400723,"low":0.6157348329867194},"mean":0.6569920844327177},"accuracy_at_1.0_answer_fraction":{"bootstrap":{"high":0.6917293233082706,"std_err":0.02403074629721685,"low":0.6115288220551378},"mean":0.6541353383458647},"AUROC":{"mean":0.5104669887278583,"bootstrap":{"low":0.46328084761487925,"high":0.5655546710431871,"std_err":0.03139396122068903}},"area_under_thresholded_accuracy":{"mean":0.6203775982506342,"bootstrap":{"std_err":0.027852399439504797,"low":0.571019711518647,"high":0.6616822956558541}},"mean_uncertainty":{"bootstrap":{"std_err":0.028537106765152625,"low":0.43904886657623743,"high":0.5329361688683836},"mean":0.48620030149982113},"accuracy_at_0.8_answer_fraction":{"mean":0.670846394984326,"bootstrap":{"std_err":0.026195311322806263,"low":0.6320607838036144,"high":0.71875}}},"regular_entropy_UNANSWERABLE":{"accuracy_at_0.95_answer_fraction":{"bootstrap":{"std_err":0,"low":NaN,"high":NaN},"mean":1},"accuracy_at_1.0_answer_fraction":{"bootstrap":{"std_err":0,"low":NaN,"high":NaN},"mean":1},"AUROC":{"mean":NaN,"bootstrap":{"high":NaN,"std_err":NaN,"low":NaN}},"area_under_thresholded_accuracy":{"mean":0.9473684210526319,"bootstrap":{"high":NaN,"std_err":0,"low":NaN}},"mean_uncertainty":{"bootstrap":{"low":0.46466804479032525,"high":0.48979021175907317,"std_err":0.007909351022071846},"mean":0.476797742554019},"accuracy_at_0.8_answer_fraction":{"mean":1,"bootstrap":{"high":NaN,"std_err":0,"low":NaN}},"accuracy_at_0.9_answer_fraction":{"mean":1,"bootstrap":{"std_err":0,"low":NaN,"high":NaN}}},"p_false":{"AUROC":{"mean":0.5404519962241101,"bootstrap":{"low":0.4906751913328437,"high":0.5923813600377745,"std_err":0.030295654141167385}},"area_under_thresholded_accuracy":{"mean":0.6477345686643077,"bootstrap":{"high":0.6892184939341124,"std_err":0.027891162941253586,"low":0.6007325586569233}},"mean_uncertainty":{"mean":1.0114123896598806,"bootstrap":{"low":1.0097251621612653,"high":1.0149896388328579,"std_err":0.0014459597755936574}},"accuracy_at_0.8_answer_fraction":{"mean":0.6614420062695925,"bootstrap":{"high":0.7021943573667712,"std_err":0.02653668037925794,"low":0.6144200626959248}},"accuracy_at_0.9_answer_fraction":{"mean":0.6629526462395543,"bootstrap":{"std_err":0.025210026389855617,"low":0.6155988857938719,"high":0.7012113144745795}},"accuracy_at_0.95_answer_fraction":{"mean":0.6675461741424802,"bootstrap":{"low":0.6282722513089005,"high":0.7097625329815304,"std_err":0.024189854006743228}},"accuracy_at_1.0_answer_fraction":{"bootstrap":{"low":0.6165413533834586,"high":0.6967418546365914,"std_err":0.02375748103242888},"mean":0.6541353383458647}},"p_false_UNANSWERABLE":{"AUROC":{"mean":NaN,"bootstrap":{"std_err":NaN,"low":NaN,"high":NaN}},"area_under_thresholded_accuracy":{"mean":0.9473684210526319,"bootstrap":{"low":NaN,"high":NaN,"std_err":0}},"mean_uncertainty":{"mean":1.0114123896598806,"bootstrap":{"std_err":0.0014940775601717854,"low":1.0097393706118787,"high":1.0148986689187325}},"accuracy_at_0.8_answer_fraction":{"mean":1,"bootstrap":{"std_err":0,"low":NaN,"high":NaN}},"accuracy_at_0.9_answer_fraction":{"mean":1,"bootstrap":{"high":NaN,"std_err":0,"low":NaN}},"accuracy_at_0.95_answer_fraction":{"mean":1,"bootstrap":{"low":NaN,"high":NaN,"std_err":0}},"accuracy_at_1.0_answer_fraction":{"bootstrap":{"std_err":0,"low":NaN,"high":NaN},"mean":1}},"regular_entropy":{"mean_uncertainty":{"bootstrap":{"low":0.46376264965349434,"high":0.49008186673378756,"std_err":0.008050257930049515},"mean":0.476797742554019},"accuracy_at_0.8_answer_fraction":{"mean":0.6896551724137931,"bootstrap":{"std_err":0.027083488759870638,"low":0.6485981768243021,"high":0.7366771159874608}},"accuracy_at_0.9_answer_fraction":{"bootstrap":{"low":0.6183844011142061,"high":0.7015783288562394,"std_err":0.025080029827566443},"mean":0.6601671309192201},"accuracy_at_0.95_answer_fraction":{"mean":0.662269129287599,"bootstrap":{"low":0.6226912928759895,"high":0.7018469656992085,"std_err":0.02414649412415228}},"accuracy_at_1.0_answer_fraction":{"mean":0.6541353383458647,"bootstrap":{"high":0.6917293233082706,"std_err":0.02385077062581781,"low":0.6165413533834586}},"AUROC":{"mean":0.5850408129268698,"bootstrap":{"std_err":0.02938979546771278,"low":0.5356835459746712,"high":0.6323205516757991}},"area_under_thresholded_accuracy":{"mean":0.6714941829381209,"bootstrap":{"std_err":0.026525168424486153,"low":0.6256254207428655,"high":0.7134090728018176}}},"p_ik_UNANSWERABLE":{"AUROC":{"bootstrap":{"high":NaN,"std_err":NaN,"low":NaN},"mean":NaN},"area_under_thresholded_accuracy":{"mean":0.9473684210526319,"bootstrap":{"std_err":0,"low":NaN,"high":NaN}},"mean_uncertainty":{"mean":0.3145036698210997,"bootstrap":{"high":0.34973661517302956,"std_err":0.02049660474318834,"low":0.2836368539289933}},"accuracy_at_0.8_answer_fraction":{"bootstrap":{"low":NaN,"high":NaN,"std_err":0},"mean":1},"accuracy_at_0.9_answer_fraction":{"mean":1,"bootstrap":{"low":NaN,"high":NaN,"std_err":0}},"accuracy_at_0.95_answer_fraction":{"mean":1,"bootstrap":{"std_err":0,"low":NaN,"high":NaN}},"accuracy_at_1.0_answer_fraction":{"bootstrap":{"high":NaN,"std_err":0,"low":NaN},"mean":1}},"p_false_fixed_UNANSWERABLE":{"AUROC":{"mean":NaN,"bootstrap":{"high":NaN,"std_err":NaN,"low":NaN}},"area_under_thresholded_accuracy":{"mean":0.9473684210526319,"bootstrap":{"high":NaN,"std_err":0,"low":NaN}},"mean_uncertainty":{"mean":0.010982151944922951,"bootstrap":{"low":0.009526593578358385,"high":0.013717024554825836,"std_err":0.0011747150627699214}},"accuracy_at_0.8_answer_fraction":{"bootstrap":{"std_err":0,"low":NaN,"high":NaN},"mean":1},"accuracy_at_0.9_answer_fraction":{"bootstrap":{"high":NaN,"std_err":0,"low":NaN},"mean":1},"accuracy_at_0.95_answer_fraction":{"mean":1,"bootstrap":{"std_err":0,"low":NaN,"high":NaN}},"accuracy_at_1.0_answer_fraction":{"mean":1,"bootstrap":{"std_err":0,"low":NaN,"high":NaN}}},"semantic_entropy_UNANSWERABLE":{"accuracy_at_1.0_answer_fraction":{"mean":1,"bootstrap":{"low":NaN,"high":NaN,"std_err":0}},"AUROC":{"bootstrap":{"std_err":NaN,"low":NaN,"high":NaN},"mean":NaN},"area_under_thresholded_accuracy":{"bootstrap":{"std_err":0,"low":NaN,"high":NaN},"mean":0.9473684210526319},"mean_uncertainty":{"mean":0.48620030149982113,"bootstrap":{"std_err":0.028573720109047247,"low":0.44248008092154634,"high":0.5351057005173131}},"accuracy_at_0.8_answer_fraction":{"bootstrap":{"std_err":0,"low":NaN,"high":NaN},"mean":1},"accuracy_at_0.9_answer_fraction":{"bootstrap":{"high":NaN,"std_err":0,"low":NaN},"mean":1},"accuracy_at_0.95_answer_fraction":{"bootstrap":{"high":NaN,"std_err":0,"low":NaN},"mean":1}},"p_ik":{"mean_uncertainty":{"mean":0.3145036698210997,"bootstrap":{"high":0.35342741300892455,"std_err":0.02116391674338463,"low":0.28161009821689387}},"accuracy_at_0.8_answer_fraction":{"mean":0.7147335423197492,"bootstrap":{"high":0.7617554858934169,"std_err":0.02606081020982334,"low":0.6739811912225705}},"accuracy_at_0.9_answer_fraction":{"mean":0.6880222841225627,"bootstrap":{"low":0.6462395543175488,"high":0.7325905292479109,"std_err":0.02676161802999595}},"accuracy_at_0.95_answer_fraction":{"mean":0.6675461741424802,"bootstrap":{"std_err":0.02449113999098386,"low":0.6299212598425197,"high":0.7097625329815304}},"accuracy_at_1.0_answer_fraction":{"mean":0.6541353383458647,"bootstrap":{"high":0.6917293233082706,"std_err":0.023486405435117003,"low":0.6140350877192983}},"AUROC":{"mean":0.7097562329946139,"bootstrap":{"low":0.6642568644777757,"high":0.7493357741329127,"std_err":0.025843393039917083}},"area_under_thresholded_accuracy":{"mean":0.7396252080123156,"bootstrap":{"std_err":0.022903055787406285,